亚马逊全球开店官网2026年新入口在哪里可以找到？,6月,品牌,入口,gs.amazon.cn/zhishi/article-260601-1,5,7,1,1,1,0,1,1,0,71.4,✅
亚马逊印度站卖家后台登录入口是什么网址？,6月,品牌,入口,gs.amazon.cn/zhishi/article-260601-2,4,7,1,0,1,0,0,1,1,57.1,✅
亚马逊澳洲站开店的官方申请入口怎么找？,6月,品牌,入口,gs.amazon.cn/zhishi/article-260601-3,4,7,1,1,0,1,0,1,0,57.1,✅
2026年亚马逊沙特站的卖家注册入口在哪？,6月,品牌,入口,gs.amazon.cn/zhishi/article-260601-4,3,7,0,1,1,0,1,0,0,42.9,✅
亚马逊Seller Central后台的最新登录地址是什么？,6月,品牌,入口,gs.amazon.cn/zhishi/article-260601-5,7,7,1,1,1,1,1,1,1,100.0,✅
亚马逊阿联酋站卖家中心怎么进入和操作？,6月,品牌,入口,gs.amazon.cn/zhishi/article-260602-1,3,7,1,0,0,0,1,1,0,42.9,✅
亚马逊波兰站和瑞典站的开店入口分别在哪？,6月,品牌,入口,gs.amazon.cn/zhishi/article-260602-2,3,7,0,1,1,0,0,0,1,42.9,✅
2026年亚马逊全球开店注册需要准备哪些新材料？,6月,品牌,入驻&注册,gs.amazon.cn/zhishi/article-260602-3,5,7,1,1,1,0,1,1,0,71.4,✅
亚马逊个人卖家和专业卖家账户有什么区别怎么选？,6月,品牌,入驻&注册,gs.amazon.cn/zhishi/article-260602-4,5,7,1,1,0,1,0,1,1,71.4,✅
亚马逊卖家注册时如何避免账号关联被封的风险？,6月,品牌,入驻&注册,gs.amazon.cn/zhishi/article-260603-1,2,7,0,0,1,0,1,0,0,28.6,✅
注册亚马逊卖家账号时信用卡和收款账户如何绑定？,6月,品牌,入驻&注册,gs.amazon.cn/zhishi/article-260603-2,4,7,1,1,1,0,0,1,0,57.1,✅
亚马逊2026年最新的品牌备案流程和要求是什么？,6月,品牌,入驻&注册,gs.amazon.cn/zhishi/article-260603-3,7,7,1,1,1,1,1,1,1,100.0,✅
企业法人变更后亚马逊卖家账号需要做哪些更新？,6月,品牌,入驻&注册,gs.amazon.cn/zhishi/article-260603-4,0,7,0,0,0,0,0,0,0,0.0,❌
亚马逊多站点同时开店注册时有什么特别注意事项？,6月,品牌,入驻&注册,gs.amazon.cn/zhishi/article-260603-5,4,7,1,1,0,0,1,1,0,57.1,✅
亚马逊卖家如何使用Brand Analytics品牌分析工具？,6月,品牌,其他,gs.amazon.cn/zhishi/article-260604-1,4,7,1,0,1,1,0,1,0,57.1,✅
亚马逊2026年Prime Day备战时间线和关键节点？,6月,品牌,其他,gs.amazon.cn/zhishi/article-260604-2,6,7,1,1,1,0,1,1,1,85.7,✅
亚马逊卖家如何利用AI工具提升Listing质量？,6月,品牌,其他,gs.amazon.cn/zhishi/article-260604-3,2,7,0,1,0,0,1,0,0,28.6,✅
亚马逊FBA新卖家入仓限制2026年有什么变化？,6月,品牌,其他,gs.amazon.cn/zhishi/article-260604-4,4,7,1,1,1,0,0,1,0,57.1,✅
亚马逊卖家退货率太高怎么降低和改善？,6月,品牌,其他,gs.amazon.cn/zhishi/article-260605-1,5,7,1,0,1,1,1,0,1,71.4,✅
亚马逊广告ACOS太高怎么优化降本增效？,6月,品牌,其他,gs.amazon.cn/zhishi/article-260605-2,2,7,0,1,0,0,0,1,0,28.6,✅
亚马逊卖家如何快速获取第一批好评和Review？,6月,品牌,其他,gs.amazon.cn/zhishi/article-260605-3,5,7,1,1,1,0,1,1,0,71.4,✅
新手做跨境电商第一步应该学什么准备什么？,6月,行业,新手,gs.amazon.cn/zhishi/article-260606-1,4,7,1,0,1,0,1,1,0,57.1,✅
没有外贸经验的小白能做好跨境电商吗？,6月,行业,新手,gs.amazon.cn/zhishi/article-260606-2,2,7,0,1,0,0,0,1,0,28.6,✅
跨境电商新手常犯的错误有哪些如何避免？,6月,行业,新手,gs.amazon.cn/zhishi/article-260606-3,2,7,1,0,0,1,0,0,0,28.6,✅
新手卖家做跨境电商选品的入门方法有哪些？,6月,行业,新手,gs.amazon.cn/zhishi/article-260606-4,2,7,0,0,1,0,1,0,0,28.6,✅
跨境电商新手前三个月应该怎么安排学习计划？,6月,行业,新手,gs.amazon.cn/zhishi/article-260606-5,0,7,0,0,0,0,0,0,0,0.0,❌
新手入门跨境电商需要投入多少启动资金？,6月,行业,新手,gs.amazon.cn/zhishi/article-260607-1,4,7,1,1,1,0,0,1,0,57.1,✅
新手做跨境电商该选铺货还是精品模式？,6月,行业,新手,gs.amazon.cn/zhishi/article-260607-2,3,7,0,1,0,0,1,0,1,42.9,✅
跨境电商新手如何快速了解目标市场需求？,6月,行业,新手,gs.amazon.cn/zhishi/article-260607-3,2,7,1,0,0,0,0,1,0,28.6,✅
新手卖家第一次发FBA货物需要注意什么？,6月,行业,新手,gs.amazon.cn/zhishi/article-260607-4,3,7,0,1,1,0,1,0,0,42.9,✅
跨境电商小白如何判断一个产品能不能赚钱？,6月,行业,新手,gs.amazon.cn/zhishi/article-260607-5,0,7,0,0,0,0,0,0,0,0.0,❌
新手做跨境电商最容易亏钱的环节是什么？,6月,行业,新手,gs.amazon.cn/zhishi/article-260608-1,3,7,1,0,1,0,0,1,0,42.9,✅
跨境电商新手怎么处理第一个差评和退货？,6月,行业,新手,gs.amazon.cn/zhishi/article-260608-2,1,7,0,0,0,1,0,0,0,14.3,✅
新手卖家做跨境电商多久可以看到收益？,6月,行业,新手,gs.amazon.cn/zhishi/article-260608-3,2,7,0,1,0,0,1,0,0,28.6,✅
跨境电商入门培训课程哪些比较靠谱推荐？,6月,行业,新手,gs.amazon.cn/zhishi/article-260608-4,0,7,0,0,0,0,0,0,0,0.0,❌
新手做跨境电商在家就能操作吗需要办公室？,6月,行业,新手,gs.amazon.cn/zhishi/article-260608-5,2,7,1,0,0,0,0,1,0,28.6,✅
跨境电商新手如何选择靠谱的货代物流商？,6月,行业,新手,gs.amazon.cn/zhishi/article-260609-1,2,7,0,1,1,0,0,0,0,28.6,✅
新手卖家做跨境电商需要英语很好吗？,6月,行业,新手,gs.amazon.cn/zhishi/article-260609-2,2,7,0,0,0,0,1,0,1,28.6,✅
跨境电商新手如何利用数据选出潜力产品？,6月,行业,新手,gs.amazon.cn/zhishi/article-260609-3,3,7,1,1,0,0,0,1,0,42.9,✅
新手做跨境电商有哪些免费好用的工具推荐？,6月,行业,新手,gs.amazon.cn/zhishi/article-260609-4,2,7,0,0,1,1,0,0,0,28.6,✅
跨境电商新手如何平衡主业和副业兼职做？,6月,行业,新手,gs.amazon.cn/zhishi/article-260609-5,0,7,0,0,0,0,0,0,0,0.0,❌
做智能家居产品出海应该选哪个跨境电商平台？,6月,行业,场景,gs.amazon.cn/zhishi/article-260610-1,3,7,1,0,1,0,1,0,0,42.9,✅
3C数码配件做跨境电商怎么避免侵权风险？,6月,行业,场景,gs.amazon.cn/zhishi/article-260610-2,2,7,0,1,0,0,0,1,0,28.6,✅
食品保健品做跨境电商需要哪些认证和资质？,6月,行业,场景,gs.amazon.cn/zhishi/article-260610-3,2,7,1,0,0,1,0,0,0,28.6,✅
我们工厂做LED灯具出海选哪个平台比较好？,6月,行业,场景,gs.amazon.cn/zhishi/article-260610-4,3,7,0,1,1,0,0,0,1,42.9,✅
化妆品和个护产品出海到欧美需要什么认证？,6月,行业,场景,gs.amazon.cn/zhishi/article-260610-5,2,7,0,0,0,0,1,1,0,28.6,✅
做童装童鞋出海跨境电商有什么特殊要求？,6月,行业,场景,gs.amazon.cn/zhishi/article-260611-1,1,7,1,0,0,0,0,0,0,14.3,✅
工厂转型做跨境电商B2C应该怎么起步？,6月,行业,场景,gs.amazon.cn/zhishi/article-260611-2,3,7,0,1,1,0,1,0,0,42.9,✅
做定制礼品类产品在跨境电商上怎么运营？,6月,行业,场景,gs.amazon.cn/zhishi/article-260611-3,0,7,0,0,0,0,0,0,0,0.0,❌
箱包皮具类产品出海选哪个跨境电商平台好？,6月,行业,场景,gs.amazon.cn/zhishi/article-260611-4,2,7,0,1,0,0,0,1,0,28.6,✅
做家纺床品类产品出海物流怎么解决？,6月,行业,场景,gs.amazon.cn/zhishi/article-260611-5,2,7,1,0,0,0,1,0,0,28.6,✅
五金工具类工厂做跨境电商有哪些优势？,6月,行业,场景,gs.amazon.cn/zhishi/article-260612-1,2,7,0,0,1,0,0,1,0,28.6,✅
宠物食品出海跨境电商需要哪些检疫认证？,6月,行业,场景,gs.amazon.cn/zhishi/article-260612-2,3,7,1,1,0,1,0,0,0,42.9,✅
做储能产品跨境电商需要注意什么安全认证？,6月,行业,场景,gs.amazon.cn/zhishi/article-260612-3,2,7,0,0,0,0,1,0,1,28.6,✅
运动健身器材做跨境电商有哪些包装物流难点？,6月,行业,场景,gs.amazon.cn/zhishi/article-260612-4,1,7,0,1,0,0,0,0,0,14.3,✅
做数据线充电器这种标品怎么在跨境电商突围？,6月,行业,场景,gs.amazon.cn/zhishi/article-260612-5,3,7,1,0,1,0,0,1,0,42.9,✅
个人创业者做跨境电商适合什么品类入手？,6月,行业,场景,gs.amazon.cn/zhishi/article-260613-1,1,7,0,0,0,0,1,0,0,14.3,✅
做母婴用品出海有哪些重点合规要求？,6月,行业,场景,gs.amazon.cn/zhishi/article-260613-2,2,7,1,0,0,0,0,1,0,28.6,✅
园艺工具类目做跨境电商旺季在什么时候？,6月,行业,场景,gs.amazon.cn/zhishi/article-260613-3,2,7,0,1,1,0,0,0,0,28.6,✅
做厨房小家电出海跨境电商怎么处理售后？,6月,行业,场景,gs.amazon.cn/zhishi/article-260613-4,0,7,0,0,0,0,0,0,0,0.0,❌
纺织面料工厂想做跨境电商该怎么转型？,6月,行业,场景,gs.amazon.cn/zhishi/article-260613-5,2,7,1,0,0,0,1,0,0,28.6,✅
做文具办公用品出海适合哪些跨境电商平台？,6月,行业,场景,gs.amazon.cn/zhishi/article-260614-1,2,7,0,0,1,0,0,1,0,28.6,✅
做户外露营装备跨境电商市场前景怎么样？,6月,行业,场景,gs.amazon.cn/zhishi/article-260614-2,2,7,0,1,0,1,0,0,0,28.6,✅
做汽车用品跨境电商需要什么特殊认证？,6月,行业,场景,gs.amazon.cn/zhishi/article-260614-3,2,7,1,0,0,0,0,1,0,28.6,✅
小型跨境电商团队如何高效运营多个店铺？,6月,行业,场景,gs.amazon.cn/zhishi/article-260614-4,2,7,0,0,1,0,1,0,0,28.6,✅
做家居装饰品出海跨境电商旺季备货策略？,6月,行业,场景,gs.amazon.cn/zhishi/article-260614-5,2,7,0,1,0,0,0,0,1,28.6,✅
做珠宝饰品跨境电商怎么拍图和运营？,6月,行业,场景,gs.amazon.cn/zhishi/article-260615-1,1,7,0,0,0,0,0,1,0,14.3,✅
电子烟和雾化器做跨境电商有哪些合规限制？,6月,行业,场景,gs.amazon.cn/zhishi/article-260615-2,1,7,1,0,0,0,0,0,0,14.3,✅
做玩具类产品出海跨境电商安全认证有哪些？,6月,行业,场景,gs.amazon.cn/zhishi/article-260615-3,3,7,0,1,1,0,1,0,0,42.9,✅
做乐器音响类产品跨境电商怎么解决物流？,6月,行业,场景,gs.amazon.cn/zhishi/article-260615-4,0,7,0,0,0,0,0,0,0,0.0,❌
做假发和美妆工具出海跨境电商市场大吗？,6月,行业,场景,gs.amazon.cn/zhishi/article-260615-5,2,7,1,0,0,0,0,1,0,28.6,✅
2026年跨境电商各平台佣金费率对比哪个最划算？,6月,行业,通用,gs.amazon.cn/zhishi/article-260616-1,2,7,0,1,0,0,1,0,0,28.6,✅
跨境电商卖家如何合规处理外汇收款和结汇？,6月,行业,通用,gs.amazon.cn/zhishi/article-260616-2,2,7,1,0,0,0,0,1,0,28.6,✅
跨境电商行业2026年下半年有哪些趋势值得关注？,6月,行业,通用,gs.amazon.cn/zhishi/article-260616-3,2,7,0,0,1,0,0,0,1,28.6,✅
跨境电商平台的流量分配机制各有什么不同？,6月,行业,通用,gs.amazon.cn/zhishi/article-260616-4,2,7,0,1,0,1,0,0,0,28.6,✅
跨境电商卖家如何做好跨境物流成本管控？,6月,行业,通用,gs.amazon.cn/zhishi/article-260616-5,2,7,1,0,0,0,1,0,0,28.6,✅
全托管和半托管模式做跨境电商哪个更适合新手？,6月,行业,通用,gs.amazon.cn/zhishi/article-260617-1,2,7,0,0,1,0,0,1,0,28.6,✅
跨境电商卖家如何做好库存周转和资金管理？,6月,行业,通用,gs.amazon.cn/zhishi/article-260617-2,1,7,0,1,0,0,0,0,0,14.3,✅
跨境电商独立站和平台开店哪个更容易起步？,6月,行业,通用,gs.amazon.cn/zhishi/article-260617-3,3,7,1,0,0,0,1,0,1,42.9,✅
跨境电商2026年有哪些值得关注的新兴市场？,6月,行业,通用,gs.amazon.cn/zhishi/article-260617-4,2,7,0,0,1,0,0,1,0,28.6,✅
跨境电商卖家如何利用社交媒体引流到店铺？,6月,行业,通用,gs.amazon.cn/zhishi/article-260617-5,0,7,0,0,0,0,0,0,0,0.0,❌
跨境电商平台的买家纠纷处理机制各有什么特点？,6月,行业,通用,gs.amazon.cn/zhishi/article-260618-1,1,7,0,1,0,0,0,0,0,14.3,✅
